Model,R2,MAE,RMSE
Linear Regression,0.9376558952168612,0.02242178133011415,0.028563552263832247
Random Forest,1.0,3.6637359812630164e-16,4.793766378999763e-16
